Ref,Val,Package,PosX,PosY,Rot,Side
"C1","470u","CP_Elec_8x10",89.500000,-51.500000,0.000000,top
"C2","100n","C_0805_2012Metric_Pad1.18x1.45mm_HandSolder",82.000000,-51.500000,180.000000,top
"C3","100n","C_0805_2012Metric_Pad1.18x1.45mm_HandSolder",90.750000,-32.500000,90.000000,top
"C4","10u","C_1206_3216Metric_Pad1.33x1.80mm_HandSolder",90.750000,-37.500000,90.000000,top
"C5","220u","CP_Elec_6.3x7.7",110.800000,-39.250000,180.000000,top
"C6","220u","CP_Elec_6.3x7.7",68.500000,-71.500000,180.000000,top
"C7","100n","C_0805_2012Metric_Pad1.18x1.45mm_HandSolder",108.000000,-68.500000,90.000000,top
"C8","100n","C_0805_2012Metric_Pad1.18x1.45mm_HandSolder",99.500000,-63.500000,-90.000000,top
"C9","100n","C_0805_2012Metric_Pad1.18x1.45mm_HandSolder",103.250000,-15.500000,180.000000,top
"C10","100n","C_0805_2012Metric_Pad1.18x1.45mm_HandSolder",96.000000,-16.250000,180.000000,top
"C11","100n","C_0805_2012Metric_Pad1.18x1.45mm_HandSolder",94.250000,-27.000000,180.000000,top
"C13","100n","C_0805_2012Metric_Pad1.18x1.45mm_HandSolder",85.250000,-29.250000,0.000000,top
"C15","100n","C_0805_2012Metric_Pad1.18x1.45mm_HandSolder",71.750000,-18.000000,0.000000,top
"C16","27p","C_0805_2012Metric_Pad1.18x1.45mm_HandSolder",112.000000,-14.250000,-90.000000,top
"C17","27p","C_0805_2012Metric_Pad1.18x1.45mm_HandSolder",92.250000,-12.000000,180.000000,top
"C18","470u","CP_Elec_8x10",88.000000,-66.000000,90.000000,top
"C19","100n","C_0805_2012Metric_Pad1.18x1.45mm_HandSolder",89.000000,-72.750000,0.000000,top
"C20","2u2","C_Rect_L11.0mm_W6.3mm_P10.00mm_MKT",15.000000,-20.750000,0.000000,top
"C21","1n5","C_0805_2012Metric_Pad1.18x1.45mm_HandSolder",15.500000,-27.000000,-90.000000,top
"C22","220p","C_0805_2012Metric_Pad1.18x1.45mm_HandSolder",28.250000,-11.750000,-90.000000,top
"C23","220p","C_0805_2012Metric_Pad1.18x1.45mm_HandSolder",38.250000,-17.250000,-90.000000,top
"C24","220p","C_0805_2012Metric_Pad1.18x1.45mm_HandSolder",37.750000,-21.750000,-90.000000,top
"C25","100n","C_0805_2012Metric_Pad1.18x1.45mm_HandSolder",25.750000,-14.250000,90.000000,top
"C26","100n","C_0805_2012Metric_Pad1.18x1.45mm_HandSolder",16.250000,-10.750000,0.000000,top
"C27","100n","C_0805_2012Metric_Pad1.18x1.45mm_HandSolder",51.500000,-12.750000,90.000000,top
"C28","100n","C_0805_2012Metric_Pad1.18x1.45mm_HandSolder",34.750000,-15.000000,0.000000,top
"C29","100n","C_0805_2012Metric_Pad1.18x1.45mm_HandSolder",37.000000,-5.500000,-90.000000,top
"C30","100n","C_0805_2012Metric_Pad1.18x1.45mm_HandSolder",46.750000,-29.500000,-90.000000,top
"C31","100n","C_0805_2012Metric_Pad1.18x1.45mm_HandSolder",28.500000,-28.500000,-90.000000,top
"C40","1n5","C_0805_2012Metric_Pad1.18x1.45mm_HandSolder",104.250000,-76.500000,0.000000,top
"C41","10u","C_1206_3216Metric_Pad1.33x1.80mm_HandSolder",86.000000,-77.250000,180.000000,top
"C42","10u","C_1206_3216Metric_Pad1.33x1.80mm_HandSolder",22.250000,-76.750000,0.000000,top
"C43","10u","C_1206_3216Metric_Pad1.33x1.80mm_HandSolder",27.750000,-76.750000,180.000000,top
"C44","100n","C_0805_2012Metric_Pad1.18x1.45mm_HandSolder",44.750000,-35.250000,0.000000,top
"C45","100n","C_0805_2012Metric_Pad1.18x1.45mm_HandSolder",82.000000,-19.500000,-90.000000,top
"C46","100n","C_0805_2012Metric_Pad1.18x1.45mm_HandSolder",79.500000,-79.250000,90.000000,top
"C47","100n","C_0805_2012Metric_Pad1.18x1.45mm_HandSolder",92.750000,-78.000000,90.000000,top
"C48","100n","C_0805_2012Metric_Pad1.18x1.45mm_HandSolder",11.200000,-36.000000,180.000000,top
"C49","100n","C_0805_2012Metric_Pad1.18x1.45mm_HandSolder",111.250000,-54.500000,0.000000,top
"C50","100n","C_0805_2012Metric_Pad1.18x1.45mm_HandSolder",43.750000,-39.250000,-90.000000,top
"C60","2u2","C_Rect_L11.0mm_W6.3mm_P10.00mm_MKT",15.000000,-62.750000,0.000000,top
"C61","1n5","C_0805_2012Metric_Pad1.18x1.45mm_HandSolder",15.500000,-69.000000,-90.000000,top
"C62","220p","C_0805_2012Metric_Pad1.18x1.45mm_HandSolder",28.250000,-53.750000,-90.000000,top
"C63","220p","C_0805_2012Metric_Pad1.18x1.45mm_HandSolder",38.250000,-59.250000,-90.000000,top
"C64","220p","C_0805_2012Metric_Pad1.18x1.45mm_HandSolder",37.750000,-63.750000,-90.000000,top
"C65","100n","C_0805_2012Metric_Pad1.18x1.45mm_HandSolder",25.750000,-56.250000,90.000000,top
"C66","100n","C_0805_2012Metric_Pad1.18x1.45mm_HandSolder",16.250000,-52.750000,0.000000,top
"C67","100n","C_0805_2012Metric_Pad1.18x1.45mm_HandSolder",51.500000,-54.750000,90.000000,top
"C68","100n","C_0805_2012Metric_Pad1.18x1.45mm_HandSolder",34.750000,-57.000000,0.000000,top
"C69","100n","C_0805_2012Metric_Pad1.18x1.45mm_HandSolder",37.000000,-47.500000,-90.000000,top
"C70","100n","C_0805_2012Metric_Pad1.18x1.45mm_HandSolder",46.750000,-71.500000,-90.000000,top
"C71","100n","C_0805_2012Metric_Pad1.18x1.45mm_HandSolder",28.500000,-70.500000,-90.000000,top
"D1","SS14","D_SMA",81.500000,-33.250000,0.000000,top
"D2","SS14","D_SMA",87.250000,-35.000000,-90.000000,top
"D3","GREEN","LED_0805_2012Metric_Pad1.15x1.40mm_HandSolder",25.000000,-83.800000,0.000000,top
"D4","YELLOW","LED_0805_2012Metric_Pad1.15x1.40mm_HandSolder",32.500000,-83.800000,0.000000,top
"D5","GREEN","LED_0805_2012Metric_Pad1.15x1.40mm_HandSolder",40.000000,-83.800000,0.000000,top
"D6","RED","LED_0805_2012Metric_Pad1.15x1.40mm_HandSolder",10.000000,-83.800000,0.000000,top
"D7","RED","LED_0805_2012Metric_Pad1.15x1.40mm_HandSolder",17.500000,-83.800000,0.000000,top
"D8","RED","LED_0805_2012Metric_Pad1.15x1.40mm_HandSolder",47.500000,-83.800000,0.000000,top
"D9","YELLOW","LED_0805_2012Metric_Pad1.15x1.40mm_HandSolder",55.000000,-83.800000,0.000000,top
"D10","GREEN","LED_0805_2012Metric_Pad1.15x1.40mm_HandSolder",62.500000,-83.800000,0.000000,top
"D11","1N4148W","D_SOD-123",107.000000,-79.250000,0.000000,top
"D12","1N4148W","D_SOD-123",96.750000,-77.250000,0.000000,top
"D13","1N4148W","D_SOD-123",40.750000,-79.250000,180.000000,top
"D14","1N4148W","D_SOD-123",33.500000,-76.750000,180.000000,top
"D15","S1M","D_SMA",17.500000,-35.000000,180.000000,top
"D16","S1M","D_SMA",12.750000,-39.750000,0.000000,top
"J1","CLK SEL","PinHeader_1x03_P2.54mm_Vertical",98.750000,-27.500000,90.000000,top
"J3","TONEARM GND","TerminalBlock_bornier-2_P5.08mm",4.700000,-31.000000,-90.000000,top
"J4","GND LIFT","PinHeader_1x02_P2.54mm_Vertical",18.500000,-39.750000,90.000000,top
"J5","TP DIG","PinHeader_2x05_P2.54mm_Vertical",110.800000,-22.000000,0.000000,top
"J6","WP","PinHeader_1x02_P2.54mm_Vertical",75.250000,-6.500000,180.000000,top
"J20","LINE IN L","TerminalBlock_bornier-2_P5.08mm",4.700000,-10.000000,-90.000000,top
"J22","TP L","PinHeader_2x05_P2.54mm_Vertical",57.400000,-19.000000,0.000000,top
"J60","LINE IN R","TerminalBlock_bornier-2_P5.08mm",4.700000,-52.000000,-90.000000,top
"J62","TP R","PinHeader_2x05_P2.54mm_Vertical",57.400000,-61.000000,0.000000,top
"L1","10u","L_Bourns_SRR1260",75.750000,-43.000000,180.000000,top
"L2","10u","L_Bourns_SRR1260",76.000000,-60.000000,-90.000000,top
"Q1","BC847","SOT-23",59.250000,-79.250000,-90.000000,top
"Q2","BC857","SOT-23",13.000000,-78.500000,-90.000000,top
"Q3","BC857","SOT-23",25.000000,-80.250000,180.000000,top
"R1","4R75","R_0805_2012Metric_Pad1.20x1.40mm_HandSolder",86.750000,-40.000000,180.000000,top
"R2","10k0","R_0805_2012Metric_Pad1.20x1.40mm_HandSolder",102.000000,-72.250000,0.000000,top
"R3","10k0","R_0805_2012Metric_Pad1.20x1.40mm_HandSolder",105.000000,-73.000000,-90.000000,top
"R4","10k0","R_0805_2012Metric_Pad1.20x1.40mm_HandSolder",99.500000,-68.500000,-90.000000,top
"R5","10k0","R_0805_2012Metric_Pad1.20x1.40mm_HandSolder",96.750000,-70.500000,-90.000000,top
"R10","1M","R_0805_2012Metric_Pad1.20x1.40mm_HandSolder",112.000000,-9.500000,-90.000000,top
"R11","2k2","R_0805_2012Metric_Pad1.20x1.40mm_HandSolder",99.500000,-12.000000,180.000000,top
"R12","475R","R_0805_2012Metric_Pad1.20x1.40mm_HandSolder",73.750000,-20.750000,180.000000,top
"R13","475R","R_0805_2012Metric_Pad1.20x1.40mm_HandSolder",78.500000,-6.500000,90.000000,top
"R14","33R2","R_0805_2012Metric_Pad1.20x1.40mm_HandSolder",70.500000,-21.750000,-90.000000,top
"R15","3k92","R_0805_2012Metric_Pad1.20x1.40mm_HandSolder",78.250000,-18.750000,90.000000,top
"R16","1k00","R_0805_2012Metric_Pad1.20x1.40mm_HandSolder",18.500000,-80.500000,-90.000000,top
"R17","10R0","R_0805_2012Metric_Pad1.20x1.40mm_HandSolder",6.250000,-40.250000,180.000000,top
"R20","1k00","R_0805_2012Metric_Pad1.20x1.40mm_HandSolder",23.500000,-26.000000,180.000000,top
"R21","20k5","R_0805_2012Metric_Pad1.20x1.40mm_HandSolder",19.250000,-25.750000,0.000000,top
"R22","14k7","R_0805_2012Metric_Pad1.20x1.40mm_HandSolder",34.000000,-27.500000,180.000000,top
"R23","14k7","R_0805_2012Metric_Pad1.20x1.40mm_HandSolder",31.000000,-28.500000,90.000000,top
"R24","10k5","R_0805_2012Metric_Pad1.20x1.40mm_HandSolder",46.000000,-16.500000,180.000000,top
"R25","13k0","R_0805_2012Metric_Pad1.20x1.40mm_HandSolder",49.000000,-24.000000,90.000000,top
"R26","13k0","R_0805_2012Metric_Pad1.20x1.40mm_HandSolder",50.000000,-27.250000,180.000000,top
"R27","255k","R_0805_2012Metric_Pad1.20x1.40mm_HandSolder",30.500000,-15.500000,180.000000,top
"R28","5k90","R_0805_2012Metric_Pad1.20x1.40mm_HandSolder",41.750000,-15.500000,180.000000,top
"R29","8k25","R_0805_2012Metric_Pad1.20x1.40mm_HandSolder",37.000000,-27.250000,-90.000000,top
"R30","8k25","R_0805_2012Metric_Pad1.20x1.40mm_HandSolder",40.750000,-28.500000,180.000000,top
"R31","10k0","R_0805_2012Metric_Pad1.20x1.40mm_HandSolder",40.000000,-11.750000,90.000000,top
"R32","10k0","R_0805_2012Metric_Pad1.20x1.40mm_HandSolder",32.500000,-6.500000,180.000000,top
"R33","22k1","R_0805_2012Metric_Pad1.20x1.40mm_HandSolder",50.500000,-16.500000,180.000000,top
"R34","165k","R_0805_2012Metric_Pad1.20x1.40mm_HandSolder",50.750000,-19.750000,90.000000,top
"R35","22k1","R_0805_2012Metric_Pad1.20x1.40mm_HandSolder",55.000000,-12.750000,180.000000,top
"R36","22k1","R_0805_2012Metric_Pad1.20x1.40mm_HandSolder",53.500000,-8.500000,-90.000000,top
"R37","2k21","R_0805_2012Metric_Pad1.20x1.40mm_HandSolder",58.750000,-13.000000,-90.000000,top
"R40","1k00","R_0805_2012Metric_Pad1.20x1.40mm_HandSolder",21.500000,-83.000000,-90.000000,top
"R41","1k00","R_0805_2012Metric_Pad1.20x1.40mm_HandSolder",34.750000,-81.250000,180.000000,top
"R42","1k00","R_0805_2012Metric_Pad1.20x1.40mm_HandSolder",43.250000,-83.000000,-90.000000,top
"R43","10k0","R_0805_2012Metric_Pad1.20x1.40mm_HandSolder",73.250000,-78.000000,180.000000,top
"R44","22k1","R_0805_2012Metric_Pad1.20x1.40mm_HandSolder",49.500000,-38.000000,180.000000,top
"R45","100k","R_0805_2012Metric_Pad1.20x1.40mm_HandSolder",46.250000,-39.250000,90.000000,top
"R46","22k1","R_0805_2012Metric_Pad1.20x1.40mm_HandSolder",31.750000,-39.750000,90.000000,top
"R47","100k","R_0805_2012Metric_Pad1.20x1.40mm_HandSolder",30.750000,-36.000000,180.000000,top
"R48","10k0","R_0805_2012Metric_Pad1.20x1.40mm_HandSolder",44.750000,-78.000000,90.000000,top
"R49","100k","R_0805_2012Metric_Pad1.20x1.40mm_HandSolder",37.000000,-78.000000,-90.000000,top
"R50","10k0","R_0805_2012Metric_Pad1.20x1.40mm_HandSolder",17.250000,-77.250000,180.000000,top
"R51","10k0","R_0805_2012Metric_Pad1.20x1.40mm_HandSolder",29.250000,-79.750000,180.000000,top
"R52","1k00","R_0805_2012Metric_Pad1.20x1.40mm_HandSolder",13.000000,-82.750000,-90.000000,top
"R53","10k0","R_0805_2012Metric_Pad1.20x1.40mm_HandSolder",40.750000,-76.500000,180.000000,top
"R54","330R","R_0805_2012Metric_Pad1.20x1.40mm_HandSolder",49.500000,-81.250000,180.000000,top
"R55","330R","R_0805_2012Metric_Pad1.20x1.40mm_HandSolder",56.000000,-80.250000,-90.000000,top
"R56","330R","R_0805_2012Metric_Pad1.20x1.40mm_HandSolder",66.750000,-83.800000,180.000000,top
"R57","1k00","R_0805_2012Metric_Pad1.20x1.40mm_HandSolder",79.500000,-83.800000,90.000000,top
"R58","1k00","R_0805_2012Metric_Pad1.20x1.40mm_HandSolder",92.500000,-82.000000,90.000000,top
"R59","100k","R_0805_2012Metric_Pad1.20x1.40mm_HandSolder",29.250000,-83.000000,90.000000,top
"R60","1k00","R_0805_2012Metric_Pad1.20x1.40mm_HandSolder",23.500000,-68.000000,180.000000,top
"R61","20k5","R_0805_2012Metric_Pad1.20x1.40mm_HandSolder",19.250000,-67.750000,0.000000,top
"R62","14k7","R_0805_2012Metric_Pad1.20x1.40mm_HandSolder",34.000000,-69.500000,180.000000,top
"R63","14k7","R_0805_2012Metric_Pad1.20x1.40mm_HandSolder",31.000000,-70.500000,90.000000,top
"R64","10k5","R_0805_2012Metric_Pad1.20x1.40mm_HandSolder",46.000000,-58.500000,180.000000,top
"R65","13k0","R_0805_2012Metric_Pad1.20x1.40mm_HandSolder",49.000000,-66.000000,90.000000,top
"R66","13k0","R_0805_2012Metric_Pad1.20x1.40mm_HandSolder",50.000000,-69.250000,180.000000,top
"R67","255k","R_0805_2012Metric_Pad1.20x1.40mm_HandSolder",30.500000,-57.500000,180.000000,top
"R68","5k90","R_0805_2012Metric_Pad1.20x1.40mm_HandSolder",41.750000,-57.500000,180.000000,top
"R69","8k25","R_0805_2012Metric_Pad1.20x1.40mm_HandSolder",37.000000,-69.250000,-90.000000,top
"R70","8k25","R_0805_2012Metric_Pad1.20x1.40mm_HandSolder",40.750000,-70.500000,180.000000,top
"R71","10k0","R_0805_2012Metric_Pad1.20x1.40mm_HandSolder",40.000000,-53.750000,90.000000,top
"R72","10k0","R_0805_2012Metric_Pad1.20x1.40mm_HandSolder",32.500000,-48.500000,180.000000,top
"R73","22k1","R_0805_2012Metric_Pad1.20x1.40mm_HandSolder",50.500000,-58.500000,180.000000,top
"R74","165k","R_0805_2012Metric_Pad1.20x1.40mm_HandSolder",50.750000,-61.750000,90.000000,top
"R75","22k1","R_0805_2012Metric_Pad1.20x1.40mm_HandSolder",55.000000,-54.750000,180.000000,top
"R76","22k1","R_0805_2012Metric_Pad1.20x1.40mm_HandSolder",53.500000,-50.500000,-90.000000,top
"R77","2k21","R_0805_2012Metric_Pad1.20x1.40mm_HandSolder",58.750000,-55.000000,-90.000000,top
"RV20","47k","PinHeader_1x03_P2.54mm_Horizontal",11.200000,-26.000000,180.000000,top
"RV60","47k","PinHeader_1x03_P2.54mm_Horizontal",11.200000,-68.000000,180.000000,top
"SW1","SHUTDOWN / WAKE  GPIO3","SW_SPST_PTS645Sx43SMTR92",86.000000,-83.600000,0.000000,top
"SW2","USER  GPIO23","SW_SPST_PTS645Sx43SMTR92",99.000000,-83.600000,0.000000,top
"U1","74HC244","SOIC-20W_7.5x12.8mm_P1.27mm",98.750000,-38.000000,90.000000,top
"U2","LM358","SOIC-8_3.9x4.9mm_P1.27mm",103.750000,-67.000000,-90.000000,top
"U3","74HCT132","SOIC-14_3.9x8.7mm_P1.27mm",100.750000,-21.500000,90.000000,top
"U4","74HC4040","SOIC-16_3.9x9.9mm_P1.27mm",90.750000,-21.750000,-90.000000,top
"U6","74HC157","SOIC-16_3.9x9.9mm_P1.27mm",77.500000,-26.750000,-90.000000,top
"U8","74HC4049","SOIC-16_3.9x9.9mm_P1.27mm",75.250000,-12.750000,90.000000,top
"U9","74HCU04","SOIC-14_3.9x8.7mm_P1.27mm",106.750000,-9.500000,180.000000,top
"U10","74HC244","SOIC-20W_7.5x12.8mm_P1.27mm",102.250000,-50.000000,-90.000000,top
"U11","24LC32","SOIC-8_3.9x4.9mm_P1.27mm",84.750000,-14.250000,180.000000,top
"U12","LM339","SOIC-14_3.9x8.7mm_P1.27mm",37.750000,-38.000000,-90.000000,top
"U20","TL072","SOIC-8_3.9x4.9mm_P1.27mm",21.500000,-13.000000,-90.000000,top
"U21","LM311","SOIC-8_3.9x4.9mm_P1.27mm",47.250000,-11.250000,-90.000000,top
"U22","TL072","SOIC-8_3.9x4.9mm_P1.27mm",34.750000,-10.750000,180.000000,top
"U23","74HC74","SOIC-14_3.9x8.7mm_P1.27mm",44.250000,-22.500000,180.000000,top
"U24","74HC04","SOIC-14_3.9x8.7mm_P1.27mm",32.250000,-21.500000,180.000000,top
"U60","TL072","SOIC-8_3.9x4.9mm_P1.27mm",21.500000,-55.000000,-90.000000,top
"U61","LM311","SOIC-8_3.9x4.9mm_P1.27mm",47.250000,-53.250000,-90.000000,top
"U62","TL072","SOIC-8_3.9x4.9mm_P1.27mm",34.750000,-52.750000,180.000000,top
"U63","74HC74","SOIC-14_3.9x8.7mm_P1.27mm",44.250000,-64.500000,180.000000,top
"U64","74HC04","SOIC-14_3.9x8.7mm_P1.27mm",32.250000,-63.500000,180.000000,top
"Y1","6.144MHz","Crystal_SMD_HC49-SD_HandSoldering",92.250000,-7.500000,180.000000,top
